framework,model,model_family,experiment,synthetic_method,synthetic_method_display_name,modality,native_hz,channels,description,train_windows_original_before_aeon_filter,train_windows_dropped_by_aeon_filter,train_windows,test_windows_original_before_aeon_filter,test_windows_dropped_by_aeon_filter,test_windows,used_pretrained_real_model,saved_model_file,pretrained_results_dir,aeon_n_kernels,aeon_n_jobs,aeon_low_variation_strategy,accuracy,macro_precision,macro_recall,macro_f1,weighted_precision,weighted_recall,weighted_f1,balanced_accuracy
aeon,MiniRocketClassifier,timevae,real_to_real,none,none,acc,32,"ACC_x,ACC_y,ACC_z",ACC native 32 Hz,30762,,,10063,105,9958,True,/home/iailab42/khans1/projects/ir/models/downstream/pretrained/tsai_aeon_results/aeon_saved_models/MiniRocketClassifier_real_to_real_acc.joblib,/home/iailab42/khans1/projects/ir/models/downstream/pretrained/tsai_aeon_results,5000,8,drop_cases,0.6878891343643302,0.7490333087631975,0.7156088938119839,0.7268383493767439,0.7054453178530343,0.6878891343643302,0.692361042869615,0.7156088938119839
aeon,MiniRocketClassifier,timevae,real_to_3synthetic,prior_v1,TimeVAE-Prior,acc,32,"ACC_x,ACC_y,ACC_z",ACC native 32 Hz,30762,,,9000,0,9000,True,/home/iailab42/khans1/projects/ir/models/downstream/pretrained/tsai_aeon_results/aeon_saved_models/MiniRocketClassifier_real_to_real_acc.joblib,/home/iailab42/khans1/projects/ir/models/downstream/pretrained/tsai_aeon_results,5000,8,drop_cases,0.3,0.2711145167482344,0.15400305952232385,0.11520300127001225,0.28305917144940945,0.3,0.1768915792052999,0.15400305952232385
aeon,MiniRocketClassifier,timevae,synthetic_to_real,prior_v1,TimeVAE-Prior,acc,32,"ACC_x,ACC_y,ACC_z",ACC native 32 Hz,30000,0.0,30000.0,10063,105,9958,False,/home/iailab42/khans1/projects/ir/models/downstream_extended/timevae/aeon_saved_models/MiniRocketClassifier__synthetic_to_real__prior_v1__acc.joblib,/home/iailab42/khans1/projects/ir/models/downstream/pretrained/tsai_aeon_results,5000,8,drop_cases,0.3148222534645511,0.24183484921831933,0.3347764802410611,0.24562618738266692,0.21744368763979066,0.3148222534645511,0.2270203195603478,0.3347764802410611
aeon,MiniRocketClassifier,timevae,real_plus_synthetic_to_real,prior_v1,TimeVAE-Prior,acc,32,"ACC_x,ACC_y,ACC_z",ACC native 32 Hz,60762,609.0,60153.0,10063,105,9958,False,/home/iailab42/khans1/projects/ir/models/downstream_extended/timevae/aeon_saved_models/MiniRocketClassifier__real_plus_synthetic_to_real__prior_v1__acc.joblib,/home/iailab42/khans1/projects/ir/models/downstream/pretrained/tsai_aeon_results,5000,8,drop_cases,0.7035549307089777,0.7587907685596913,0.7208171843497209,0.7347217614326053,0.7180709016757556,0.7035549307089777,0.707098393696564,0.7208171843497209
aeon,MiniRocketClassifier,timevae,real_to_real,none,none,bvp,64,BVP,BVP native 64 Hz,30762,,,10063,0,10063,True,/home/iailab42/khans1/projects/ir/models/downstream/pretrained/tsai_aeon_results/aeon_saved_models/MiniRocketClassifier_real_to_real_bvp.joblib,/home/iailab42/khans1/projects/ir/models/downstream/pretrained/tsai_aeon_results,5000,8,drop_cases,0.45066083672860974,0.49546075595676603,0.46515924407360365,0.4657955685747629,0.4637232341796391,0.45066083672860974,0.4461025751728682,0.46515924407360365
aeon,MiniRocketClassifier,timevae,real_to_3synthetic,prior_v1,TimeVAE-Prior,bvp,64,BVP,BVP native 64 Hz,30762,,,9000,0,9000,True,/home/iailab42/khans1/projects/ir/models/downstream/pretrained/tsai_aeon_results/aeon_saved_models/MiniRocketClassifier_real_to_real_bvp.joblib,/home/iailab42/khans1/projects/ir/models/downstream/pretrained/tsai_aeon_results,5000,8,drop_cases,0.22655555555555557,0.15179208600004546,0.148046182130508,0.12968974139375733,0.19175516524166927,0.22655555555555557,0.18819153990856802,0.148046182130508
aeon,MiniRocketClassifier,timevae,synthetic_to_real,prior_v1,TimeVAE-Prior,bvp,64,BVP,BVP native 64 Hz,30000,0.0,30000.0,10063,0,10063,False,/home/iailab42/khans1/projects/ir/models/downstream_extended/timevae/aeon_saved_models/MiniRocketClassifier__synthetic_to_real__prior_v1__bvp.joblib,/home/iailab42/khans1/projects/ir/models/downstream/pretrained/tsai_aeon_results,5000,8,drop_cases,0.18722051078207294,0.13653355111833682,0.1633934857823921,0.12954283329618213,0.18110643922341085,0.18722051078207294,0.1680573340010929,0.1633934857823921
aeon,MiniRocketClassifier,timevae,real_plus_synthetic_to_real,prior_v1,TimeVAE-Prior,bvp,64,BVP,BVP native 64 Hz,60762,0.0,60762.0,10063,0,10063,False,/home/iailab42/khans1/projects/ir/models/downstream_extended/timevae/aeon_saved_models/MiniRocketClassifier__real_plus_synthetic_to_real__prior_v1__bvp.joblib,/home/iailab42/khans1/projects/ir/models/downstream/pretrained/tsai_aeon_results,5000,8,drop_cases,0.47232435655371163,0.5046050902235655,0.4674236762013403,0.47238919603177987,0.4791099317540772,0.47232435655371163,0.4646693036232029,0.4674236762013403
aeon,MiniRocketClassifier,timevae,real_to_real,none,none,eda,4,EDA,EDA native 4 Hz,30762,,,10063,0,10063,True,/home/iailab42/khans1/projects/ir/models/downstream/pretrained/tsai_aeon_results/aeon_saved_models/MiniRocketClassifier_real_to_real_eda.joblib,/home/iailab42/khans1/projects/ir/models/downstream/pretrained/tsai_aeon_results,5000,8,drop_cases,0.3029911557189705,0.2791370352800988,0.2663784926816365,0.24477248330723497,0.3042074915952093,0.3029911557189705,0.28478853044440633,0.2663784926816365
aeon,MiniRocketClassifier,timevae,real_to_3synthetic,prior_v1,TimeVAE-Prior,eda,4,EDA,EDA native 4 Hz,30762,,,9000,0,9000,True,/home/iailab42/khans1/projects/ir/models/downstream/pretrained/tsai_aeon_results/aeon_saved_models/MiniRocketClassifier_real_to_real_eda.joblib,/home/iailab42/khans1/projects/ir/models/downstream/pretrained/tsai_aeon_results,5000,8,drop_cases,0.096,0.1679601825402891,0.11360945725610277,0.07618720013081243,0.1863125646867109,0.096,0.0883237651804468,0.11360945725610277
aeon,MiniRocketClassifier,timevae,synthetic_to_real,prior_v1,TimeVAE-Prior,eda,4,EDA,EDA native 4 Hz,30000,0.0,30000.0,10063,0,10063,False,/home/iailab42/khans1/projects/ir/models/downstream_extended/timevae/aeon_saved_models/MiniRocketClassifier__synthetic_to_real__prior_v1__eda.joblib,/home/iailab42/khans1/projects/ir/models/downstream/pretrained/tsai_aeon_results,5000,8,drop_cases,0.18374242273675842,0.15332929505646675,0.19589322898557565,0.11072772667627084,0.18290559871611034,0.18374242273675842,0.1310526371035846,0.19589322898557565
aeon,MiniRocketClassifier,timevae,real_plus_synthetic_to_real,prior_v1,TimeVAE-Prior,eda,4,EDA,EDA native 4 Hz,60762,0.0,60762.0,10063,0,10063,False,/home/iailab42/khans1/projects/ir/models/downstream_extended/timevae/aeon_saved_models/MiniRocketClassifier__real_plus_synthetic_to_real__prior_v1__eda.joblib,/home/iailab42/khans1/projects/ir/models/downstream/pretrained/tsai_aeon_results,5000,8,drop_cases,0.29881745006459304,0.2787673146952386,0.25931894409318135,0.2321913199414528,0.3099197937107444,0.29881745006459304,0.27997225248115637,0.25931894409318135
aeon,MiniRocketClassifier,timevae,real_to_real,none,none,temp,4,TEMP,TEMP native 4 Hz,30762,,,10063,66,9997,True,/home/iailab42/khans1/projects/ir/models/downstream/pretrained/tsai_aeon_results/aeon_saved_models/MiniRocketClassifier_real_to_real_temp.joblib,/home/iailab42/khans1/projects/ir/models/downstream/pretrained/tsai_aeon_results,5000,8,drop_cases,0.18265479643893168,0.18598459326100003,0.1734924190407077,0.14568509375950187,0.24112219944638383,0.18265479643893168,0.18861094746413484,0.1734924190407077
aeon,MiniRocketClassifier,timevae,real_to_3synthetic,prior_v1,TimeVAE-Prior,temp,4,TEMP,TEMP native 4 Hz,30762,,,9000,0,9000,True,/home/iailab42/khans1/projects/ir/models/downstream/pretrained/tsai_aeon_results/aeon_saved_models/MiniRocketClassifier_real_to_real_temp.joblib,/home/iailab42/khans1/projects/ir/models/downstream/pretrained/tsai_aeon_results,5000,8,drop_cases,0.07966666666666666,0.15947354759950055,0.1259837568746525,0.03801659323813289,0.21728144991902767,0.07966666666666666,0.03098752210473848,0.1259837568746525
aeon,MiniRocketClassifier,timevae,synthetic_to_real,prior_v1,TimeVAE-Prior,temp,4,TEMP,TEMP native 4 Hz,30000,0.0,30000.0,10063,66,9997,False,/home/iailab42/khans1/projects/ir/models/downstream_extended/timevae/aeon_saved_models/MiniRocketClassifier__synthetic_to_real__prior_v1__temp.joblib,/home/iailab42/khans1/projects/ir/models/downstream/pretrained/tsai_aeon_results,5000,8,drop_cases,0.2848854656396919,0.08082451073879098,0.19578101648886728,0.09929244142338291,0.12774789332850875,0.2848854656396919,0.16890203030827997,0.19578101648886728
aeon,MiniRocketClassifier,timevae,real_plus_synthetic_to_real,prior_v1,TimeVAE-Prior,temp,4,TEMP,TEMP native 4 Hz,60762,254.0,60508.0,10063,66,9997,False,/home/iailab42/khans1/projects/ir/models/downstream_extended/timevae/aeon_saved_models/MiniRocketClassifier__real_plus_synthetic_to_real__prior_v1__temp.joblib,/home/iailab42/khans1/projects/ir/models/downstream/pretrained/tsai_aeon_results,5000,8,drop_cases,0.2114634390317095,0.23428958232223146,0.21886184002892242,0.18077285519128095,0.27507842282104905,0.2114634390317095,0.21194019598600056,0.21886184002892242
aeon,MiniRocketClassifier,timevae,real_to_real,none,none,fused,64,"ACC_x,ACC_y,ACC_z,BVP,EDA,TEMP",Fused resampled to length 512,30762,,,10063,125,9938,True,/home/iailab42/khans1/projects/ir/models/downstream/pretrained/tsai_aeon_results/aeon_saved_models/MiniRocketClassifier_real_to_real_fused.joblib,/home/iailab42/khans1/projects/ir/models/downstream/pretrained/tsai_aeon_results,5000,8,drop_cases,0.6858522841618032,0.7283249635340421,0.7691036543841254,0.7281241609034466,0.7204747440467786,0.6858522841618032,0.6874591209142438,0.7691036543841254
aeon,MiniRocketClassifier,timevae,real_to_3synthetic,prior_v1,TimeVAE-Prior,fused,64,"ACC_x,ACC_y,ACC_z,BVP,EDA,TEMP",Fused resampled to length 512,30762,,,9000,0,9000,True,/home/iailab42/khans1/projects/ir/models/downstream/pretrained/tsai_aeon_results/aeon_saved_models/MiniRocketClassifier_real_to_real_fused.joblib,/home/iailab42/khans1/projects/ir/models/downstream/pretrained/tsai_aeon_results,5000,8,drop_cases,0.181,0.13479885697079147,0.13139538793425426,0.06279220105422845,0.22912400580342424,0.181,0.08236742471787227,0.13139538793425426
aeon,MiniRocketClassifier,timevae,synthetic_to_real,prior_v1,TimeVAE-Prior,fused,64,"ACC_x,ACC_y,ACC_z,BVP,EDA,TEMP",Fused resampled to length 512,30000,0.0,30000.0,10063,125,9938,False,/home/iailab42/khans1/projects/ir/models/downstream_extended/timevae/aeon_saved_models/MiniRocketClassifier__synthetic_to_real__prior_v1__fused.joblib,/home/iailab42/khans1/projects/ir/models/downstream/pretrained/tsai_aeon_results,5000,8,drop_cases,0.30780841215536325,0.31508910165392734,0.41378567502027896,0.31475345337286387,0.2738336246632495,0.30780841215536325,0.25145735597797836,0.41378567502027896
aeon,MiniRocketClassifier,timevae,real_plus_synthetic_to_real,prior_v1,TimeVAE-Prior,fused,64,"ACC_x,ACC_y,ACC_z,BVP,EDA,TEMP",Fused resampled to length 512,60762,661.0,60101.0,10063,125,9938,False,/home/iailab42/khans1/projects/ir/models/downstream_extended/timevae/aeon_saved_models/MiniRocketClassifier__real_plus_synthetic_to_real__prior_v1__fused.joblib,/home/iailab42/khans1/projects/ir/models/downstream/pretrained/tsai_aeon_results,5000,8,drop_cases,0.7203662708794526,0.7547744531614147,0.7860299305837113,0.7455083565620664,0.760388767899458,0.7203662708794526,0.7282472037785452,0.7860299305837113
