framework,model,experiment,native_modality,native_hz,channels,activity_label,precision,recall,f1,support,correct_true_activity_windows,total_true_activity_windows,true_activity_window_accuracy
cnnbilstm,NativeCNNBiLSTM,real_to_real,acc,32,"ACC_x,ACC_y,ACC_z",1,0.28855250709555347,0.33851276359600446,0.3115423901940756,901,305,901,0.33851276359600446
cnnbilstm,NativeCNNBiLSTM,real_to_real,acc,32,"ACC_x,ACC_y,ACC_z",2,0.7220670391061452,0.8141732283464567,0.765358993338268,635,517,635,0.8141732283464567
cnnbilstm,NativeCNNBiLSTM,real_to_real,acc,32,"ACC_x,ACC_y,ACC_z",3,0.47596153846153844,0.668918918918919,0.5561797752808989,444,297,444,0.668918918918919
cnnbilstm,NativeCNNBiLSTM,real_to_real,acc,32,"ACC_x,ACC_y,ACC_z",4,0.9864253393665159,0.9383070301291249,0.961764705882353,697,654,697,0.9383070301291249
cnnbilstm,NativeCNNBiLSTM,real_to_real,acc,32,"ACC_x,ACC_y,ACC_z",5,0.8219354838709677,0.4673514306676449,0.5958840037418148,1363,637,1363,0.4673514306676449
cnnbilstm,NativeCNNBiLSTM,real_to_real,acc,32,"ACC_x,ACC_y,ACC_z",6,0.4598957039980134,0.588496981251986,0.5163088932255366,3147,1852,3147,0.588496981251986
cnnbilstm,NativeCNNBiLSTM,real_to_real,acc,32,"ACC_x,ACC_y,ACC_z",7,0.7483617300131061,0.5062056737588653,0.6039132734003173,1128,571,1128,0.5062056737588653
cnnbilstm,NativeCNNBiLSTM,real_to_real,acc,32,"ACC_x,ACC_y,ACC_z",8,0.42489568845618914,0.34954233409610985,0.38355304456999373,1748,611,1748,0.34954233409610985
cnnbilstm,NativeCNNBiLSTM,real_to_real,bvp,64,BVP,1,0.5776201733648542,0.8135405105438401,0.6755760368663595,901,733,901,0.8135405105438401
cnnbilstm,NativeCNNBiLSTM,real_to_real,bvp,64,BVP,2,0.411697247706422,0.5653543307086614,0.47644326476443266,635,359,635,0.5653543307086614
cnnbilstm,NativeCNNBiLSTM,real_to_real,bvp,64,BVP,3,0.2516778523489933,0.16891891891891891,0.20215633423180593,444,75,444,0.16891891891891891
cnnbilstm,NativeCNNBiLSTM,real_to_real,bvp,64,BVP,4,0.542528735632184,0.3385939741750359,0.4169611307420495,697,236,697,0.3385939741750359
cnnbilstm,NativeCNNBiLSTM,real_to_real,bvp,64,BVP,5,0.30837988826815643,0.202494497432135,0.24446412754650132,1363,276,1363,0.202494497432135
cnnbilstm,NativeCNNBiLSTM,real_to_real,bvp,64,BVP,6,0.4051819184123484,0.4671115347950429,0.43394833948339484,3147,1470,3147,0.4671115347950429
cnnbilstm,NativeCNNBiLSTM,real_to_real,bvp,64,BVP,7,0.46311970979443773,0.3395390070921986,0.3918158567774936,1128,383,1128,0.3395390070921986
cnnbilstm,NativeCNNBiLSTM,real_to_real,bvp,64,BVP,8,0.28820010875475804,0.30320366132723114,0.29551156955673263,1748,530,1748,0.30320366132723114
cnnbilstm,NativeCNNBiLSTM,real_to_real,eda,4,EDA,1,0.2558932121556376,1.0,0.4075079149706015,901,901,901,1.0
cnnbilstm,NativeCNNBiLSTM,real_to_real,eda,4,EDA,2,0.46632124352331605,0.28346456692913385,0.3525954946131244,635,180,635,0.28346456692913385
cnnbilstm,NativeCNNBiLSTM,real_to_real,eda,4,EDA,3,0.0,0.0,0.0,444,0,444,0.0
cnnbilstm,NativeCNNBiLSTM,real_to_real,eda,4,EDA,4,0.13898916967509026,0.6628407460545194,0.22979358368565034,697,462,697,0.6628407460545194
cnnbilstm,NativeCNNBiLSTM,real_to_real,eda,4,EDA,5,0.11926605504587157,0.03815113719735877,0.057809894385769875,1363,52,1363,0.03815113719735877
cnnbilstm,NativeCNNBiLSTM,real_to_real,eda,4,EDA,6,0.07349665924276169,0.010486177311725452,0.01835372636262514,3147,33,3147,0.010486177311725452
cnnbilstm,NativeCNNBiLSTM,real_to_real,eda,4,EDA,7,0.0,0.0,0.0,1128,0,1128,0.0
cnnbilstm,NativeCNNBiLSTM,real_to_real,eda,4,EDA,8,0.38184338184338185,0.31521739130434784,0.345346286430586,1748,551,1748,0.31521739130434784
cnnbilstm,NativeCNNBiLSTM,real_to_real,temp,4,TEMP,1,0.0,0.0,0.0,901,0,901,0.0
cnnbilstm,NativeCNNBiLSTM,real_to_real,temp,4,TEMP,2,0.2321608040201005,0.3637795275590551,0.28343558282208586,635,231,635,0.3637795275590551
cnnbilstm,NativeCNNBiLSTM,real_to_real,temp,4,TEMP,3,0.13687150837988826,0.6621621621621622,0.22685185185185186,444,294,444,0.6621621621621622
cnnbilstm,NativeCNNBiLSTM,real_to_real,temp,4,TEMP,4,0.09187279151943463,0.18651362984218078,0.12310606060606061,697,130,697,0.18651362984218078
cnnbilstm,NativeCNNBiLSTM,real_to_real,temp,4,TEMP,5,0.0,0.0,0.0,1363,0,1363,0.0
cnnbilstm,NativeCNNBiLSTM,real_to_real,temp,4,TEMP,6,0.4875717017208413,0.2430886558627264,0.3244274809160305,3147,765,3147,0.2430886558627264
cnnbilstm,NativeCNNBiLSTM,real_to_real,temp,4,TEMP,7,0.35,0.3971631205673759,0.37209302325581395,1128,448,1128,0.3971631205673759
cnnbilstm,NativeCNNBiLSTM,real_to_real,temp,4,TEMP,8,0.0,0.0,0.0,1748,0,1748,0.0
cnnbilstm,NativeCNNBiLSTM,real_to_real,fused,32/64/4/4,"ACC_x,ACC_y,ACC_z,BVP,EDA,TEMP",1,0.7121332275971451,0.9966703662597114,0.8307123034227567,901,898,901,0.9966703662597114
cnnbilstm,NativeCNNBiLSTM,real_to_real,fused,32/64/4/4,"ACC_x,ACC_y,ACC_z,BVP,EDA,TEMP",2,0.8911764705882353,0.9543307086614173,0.9216730038022813,635,606,635,0.9543307086614173
cnnbilstm,NativeCNNBiLSTM,real_to_real,fused,32/64/4/4,"ACC_x,ACC_y,ACC_z,BVP,EDA,TEMP",3,0.2577565632458234,0.972972972972973,0.4075471698113208,444,432,444,0.972972972972973
cnnbilstm,NativeCNNBiLSTM,real_to_real,fused,32/64/4/4,"ACC_x,ACC_y,ACC_z,BVP,EDA,TEMP",4,0.9228687415426252,0.9784791965566715,0.9498607242339833,697,682,697,0.9784791965566715
cnnbilstm,NativeCNNBiLSTM,real_to_real,fused,32/64/4/4,"ACC_x,ACC_y,ACC_z,BVP,EDA,TEMP",5,0.72959604286892,0.6493030080704328,0.687111801242236,1363,885,1363,0.6493030080704328
cnnbilstm,NativeCNNBiLSTM,real_to_real,fused,32/64/4/4,"ACC_x,ACC_y,ACC_z,BVP,EDA,TEMP",6,0.6171662125340599,0.43183984747378457,0.5081323611890073,3147,1359,3147,0.43183984747378457
cnnbilstm,NativeCNNBiLSTM,real_to_real,fused,32/64/4/4,"ACC_x,ACC_y,ACC_z,BVP,EDA,TEMP",7,0.8711734693877551,0.6054964539007093,0.7144351464435147,1128,683,1128,0.6054964539007093
cnnbilstm,NativeCNNBiLSTM,real_to_real,fused,32/64/4/4,"ACC_x,ACC_y,ACC_z,BVP,EDA,TEMP",8,0.5537135278514589,0.4776887871853547,0.5128992628992629,1748,835,1748,0.4776887871853547
